upc,brand_code
4400000031,BETTER_CHEDDARS
2410012243,CHEEZ_IT
2410012270,CHEEZ_IT
2410012610,CHEEZ_IT
4400000189,CHICKEN_IN_A_BISKIT
3010003012,CLUB
3010003947,CLUB
3828112081,DOMINICKS
3828112245,DOMINICKS
7750030569,FRESH_N_GOOD
1410007401,GOLDFISH
1410007450,GOLDFISH
4400003674,HARVEST_CRISPS
3010054536,KEEBLER_SANDWICH
4400003687,MR_PHIPPS
4400003688,MR_PHIPPS
4400004750,MR_PHIPPS
4400004809,MR_PHIPPS
4400004810,MR_PHIPPS
4400004811,MR_PHIPPS
3010016469,MUNCHEMS
3010016477,MUNCHEMS
3010016485,MUNCHEMS
4400000501,PREMIUM
4400000028,RITZ
4400000071,RITZ
4400000099,RITZ
4400003751,RITZ
4400003755,RITZ
4400004945,RITZ
1780020048,RY_KRISP
1470001283,SALERNO
4400004754,SNACKWELLS
4400004755,SNACKWELLS
4400004756,SNACKWELLS
4400004757,SNACKWELLS
4400004888,SNACKWELLS
4400000106,SOCIABLES
3010004911,TOASTEDS
3010026351,TOASTEDS
3010032292,TOASTEDS
3010016147,TOWN_HOUSE
3010067157,TOWN_HOUSE
3010067264,TOWN_HOUSE
4400000119,TRISCUIT
4400000120,TRISCUIT
4400000172,TRISCUIT
4400004626,TRISCUIT
4400000224,VEGETABLE_THINS
3010016048,WHEATABLES
3010016071,WHEATABLES
3010016121,WHEATABLES
3010016253,WHEATABLES
3010016303,WHEATABLES
4400000118,WHEATSWORTH
4400000104,WHEAT_THINS
4400000105,WHEAT_THINS
4400000225,WHEAT_THINS
4400004802,WHEAT_THINS
4400044860,WHEAT_THINS
